id;name;image;image_content_type
1;Chicken Montserrat Handmade;../fake-data/blob/hipster.png;image/png
2;Administrator implement;../fake-data/blob/hipster.png;image/png
3;circuit;../fake-data/blob/hipster.png;image/png
4;Wallis Interactions 1080p;../fake-data/blob/hipster.png;image/png
5;actuating;../fake-data/blob/hipster.png;image/png
6;Central responsive;../fake-data/blob/hipster.png;image/png
7;Kansas Decentralized;../fake-data/blob/hipster.png;image/png
8;vertical Gourde Yen;../fake-data/blob/hipster.png;image/png
9;Shoes;../fake-data/blob/hipster.png;image/png
10;gold Forward;../fake-data/blob/hipster.png;image/png
