id;firstname;lastname;email
1;Versatile maximize deposit;Handcrafted;Ben.Ebert@yahoo.com
2;matrix;discrete;Helga_Little@hotmail.com
3;Grocery IB customized;Bolivia pixel;Thurman.Schuppe@gmail.com
4;Avon;Gambia Industrial Luxembourg;Ines.Towne16@yahoo.com
5;synthesize;Russian Rubber Investor;Randall_Kling5@yahoo.com
6;sensor;New;Danial.Pfeffer@gmail.com
7;index Connecticut;Parkways Dollar;Rex_Cremin37@yahoo.com
8;connect;1080p Sudan;Orie_Hermann85@gmail.com
9;Applications efficient Maine;invoice Gloves;Verner_Walker24@gmail.com
10;circuit out-of-the-box Dinar;Buckinghamshire;Christelle.Feeney21@hotmail.com
