id;name;url;image;image_content_type
1;Intranet Kids;http://tyreek.org;../fake-data/blob/hipster.png;image/png
2;bandwidth cross-platform Gloves;http://claude.org;../fake-data/blob/hipster.png;image/png
3;Towels Utah;https://misael.net;../fake-data/blob/hipster.png;image/png
4;background Implemented;https://griffin.org;../fake-data/blob/hipster.png;image/png
5;regional;http://isobel.info;../fake-data/blob/hipster.png;image/png
6;conglomeration;https://shany.biz;../fake-data/blob/hipster.png;image/png
7;HTTP;https://marjory.net;../fake-data/blob/hipster.png;image/png
8;Naira plug-and-play Concrete;https://helmer.biz;../fake-data/blob/hipster.png;image/png
9;Coordinator;https://eliza.info;../fake-data/blob/hipster.png;image/png
10;analyzer Bedfordshire;http://brionna.com;../fake-data/blob/hipster.png;image/png
