id;position;url;html;formatted;types
1;Ramp Cotton repurpose;http://webster.info;Sports back-end;Chair;Sleek SSL
2;generating Salad;http://elton.org;Industrial Branding invoice;Down-sized Taiwan orchestration;Checking Texas
3;HDD Cotton;https://edgardo.biz;circuit;National Designer payment;Synergized hub Berkshire
4;input supply-chains;http://garfield.org;eyeballs haptic;bus Chief;Berkshire
5;compressing transparent;http://alisa.biz;Avon bypass front-end;override Practical;override matrix Handcrafted
6;networks Virgin;http://lyla.com;GB Ecuador wireless;Direct;attitude-oriented
7;indexing Tasty;http://kamron.com;Bedfordshire payment bluetooth;of;deposit Samoa
8;purple Mount;http://shanelle.biz;Facilitator blue;Ports green;SMS
9;Silver;https://delfina.name;Coordinator Buckinghamshire hub;bluetooth;transmitter Jewelery withdrawal
10;quantify;http://lera.name;maroon executive;black;Bedfordshire
