id;priority;created;occupiers_name;occupiers_home_phone;occupiers_work_phone;occupiers_mobile_phone;client_order_id;assigned_at;scheduled;completed;invoice_number;fault;access_instructions;updated
1;P2_MEDIUM;2022-01-20T02:37:16;compelling;calculating;hacking maximize;deposit;ubiquitous;2022-01-19T22:38:00;2022-01-20T04:07:03;2022-01-20T11:13:54;optimizing;../fake-data/blob/hipster.txt;../fake-data/blob/hipster.txt;2022-01-19T20:13:29
2;P1_HIGH;2022-01-19T20:36:41;copying Beauty;pink applications;Plastic Down-sized ADP;Ergonomic;Buckinghamshire;2022-01-20T04:12:44;2022-01-19T22:11:50;2022-01-20T08:06:33;Mills;../fake-data/blob/hipster.txt;../fake-data/blob/hipster.txt;2022-01-19T19:25:43
3;P2_MEDIUM;2022-01-19T20:55:54;initiatives envisioneer SMS;generate Operations Balboa;Incredible;Singapore Cross-group USB;Wooden;2022-01-19T16:59:30;2022-01-20T03:03:55;2022-01-19T15:36:01;Markets content-based mission-critical;../fake-data/blob/hipster.txt;../fake-data/blob/hipster.txt;2022-01-20T14:47:51
4;P3_LOW;2022-01-20T00:24:10;Israel program;Idaho Ireland Stravenue;New blue yellow;Focused;Account microchip Producer;2022-01-20T08:44:02;2022-01-19T23:03:25;2022-01-20T03:53:52;RAM;../fake-data/blob/hipster.txt;../fake-data/blob/hipster.txt;2022-01-19T18:18:08
5;P2_MEDIUM;2022-01-20T08:10:51;CSS;Extension;Mouse;Web Books;orange;2022-01-20T01:12:14;2022-01-20T09:41:50;2022-01-20T06:29:22;Toys microchip Facilitator;../fake-data/blob/hipster.txt;../fake-data/blob/hipster.txt;2022-01-20T08:07:36
6;P2_MEDIUM;2022-01-20T04:38:47;generating Iranian recontextualize;up attitude bricks-and-clicks;Bermuda Market;forecast transmit;methodology online Checking;2022-01-20T08:00:34;2022-01-20T12:23:16;2022-01-20T05:09:45;Regional transparent;../fake-data/blob/hipster.txt;../fake-data/blob/hipster.txt;2022-01-20T00:39:16
7;P3_LOW;2022-01-20T12:48:14;morph withdrawal synergies;Pakistan Triple-buffered rich;Lesotho;panel;Mississippi bypassing;2022-01-19T23:21:04;2022-01-19T17:42:33;2022-01-20T10:27:27;Arkansas;../fake-data/blob/hipster.txt;../fake-data/blob/hipster.txt;2022-01-19T21:40:40
8;P2_MEDIUM;2022-01-20T11:10:46;Senior;multi-state white;Ergonomic matrix;Steel;frictionless Senegal info-mediaries;2022-01-20T14:15:07;2022-01-20T06:44:39;2022-01-20T08:54:42;heuristic Direct;../fake-data/blob/hipster.txt;../fake-data/blob/hipster.txt;2022-01-20T10:45:56
9;P1_HIGH;2022-01-20T10:47:21;Walks Lights disintermediate;index Terrace Rubber;Automotive District transmit;Paradigm;Industrial Sharable;2022-01-19T19:51:14;2022-01-20T08:53:46;2022-01-20T11:05:53;FTP XSS override;../fake-data/blob/hipster.txt;../fake-data/blob/hipster.txt;2022-01-20T14:12:44
10;P3_LOW;2022-01-19T16:08:04;Savings HDD;stable override;cutting-edge Sports Corporate;blockchains Kentucky Sports;Radial;2022-01-19T22:48:05;2022-01-20T09:59:28;2022-01-20T02:30:26;Investor Fresh sticky;../fake-data/blob/hipster.txt;../fake-data/blob/hipster.txt;2022-01-20T01:38:38
